,id,title,play_time,danmaku,proxy,tshark_state,url
0,BV19v41187fe,自制可以横着走的概念车,10:34,,,,https://www.bilibili.com/video/BV19v41187fe
1,BV1ep4y1873E,活动作品一个简单动作根除鼻塞，油管2亿播放医学博士Mandell来啦！,5:28,,,,https://www.bilibili.com/video/BV1ep4y1873E
2,BV1Dh411D7Qa,默 哀 三 分 钟,3:00,,,,https://www.bilibili.com/video/BV1Dh411D7Qa
3,BV15p4y187dX,金 刚 大 占 哥 斯 拉,4:21,,,,https://www.bilibili.com/video/BV15p4y187dX
4,BV135411A7SK,太倒霉啦！！！！！,2:09,,,,https://www.bilibili.com/video/BV135411A7SK
5,BV1eK4y1N7vV,【凉风vlog】我做了一个重大决定,7:44,,,,https://www.bilibili.com/video/BV1eK4y1N7vV
6,BV1Hb4y1X7yP,【时代少年团】【TF家族】《少年ON FIRE》第二季第1期,131:11:00,,,,https://www.bilibili.com/video/BV1Hb4y1X7yP
7,BV1hp4y187Kk,活动作品课 堂 请 勿 对 对 子 13 (上) ！！！,4:36,,,,https://www.bilibili.com/video/BV1hp4y187Kk
8,BV16f4y1W7T8,活动作品我摊牌了，我巨有钱,11:34,,,,https://www.bilibili.com/video/BV16f4y1W7T8
9,BV1TK4y1m7HC,活动作品【原神动画】风 花 日 记,7:21,,,,https://www.bilibili.com/video/BV1TK4y1m7HC
10,BV1uK4y1m7D2,活动作品【恋爱的感觉！】初中up与粉丝超甜翻唱《love is an open door》快来领取渣男的虚情假意！,2:30,,,,https://www.bilibili.com/video/BV1uK4y1m7D2
11,BV1Ti4y1N7Km,活动作品“帅小伙”自制家庭版蒜蓉炭烤鲍鱼，买来两斤全吃完，都不够吃！,5:18,,,,https://www.bilibili.com/video/BV1Ti4y1N7Km
12,BV1VZ4y1c7GH,活动作品《两 只 老 虎 爱 社 死》,1:41,,,,https://www.bilibili.com/video/BV1VZ4y1c7GH
13,BV1Xh411D7zv,活动作品《山河令》大结局封神？我从来没见过如此宽容的观众！,7:02,,,,https://www.bilibili.com/video/BV1Xh411D7zv
14,BV1wi4y1N7Dq,活动作品15W日元挑战5000日元一回的超豪华扭蛋机！,8:22,,,,https://www.bilibili.com/video/BV1wi4y1N7Dq
15,BV1s5411A7Ui,弹 电 棉 花 r e m i x,2:04,,,,https://www.bilibili.com/video/BV1s5411A7Ui
16,BV13K4y1m7XZ,活动作品区长终于栽了…,7:03,,,,https://www.bilibili.com/video/BV13K4y1m7XZ
17,BV1WK4y1m7Vd,活动作品【阿斗】当之无愧的美剧神作！16年后依旧让人追到夜不能寐，经典美剧《越狱》第一季完结篇,22:38,,,,https://www.bilibili.com/video/BV1WK4y1m7Vd
18,BV15b4y1X71d,up主，你的脸疼吗？2021年1月新番吐槽打脸大总结！,10:17,,,,https://www.bilibili.com/video/BV15b4y1X71d
19,BV19K4y1N7Gj,活动作品失踪的这一个月，我被狠狠地……,14:51,,,,https://www.bilibili.com/video/BV19K4y1N7Gj
20,BV1oB4y1P7Y5,玩完这个游戏我们已经没有再联系了【双人成行 持续更新】,62:26:00,,,,https://www.bilibili.com/video/BV1oB4y1P7Y5
21,BV1fi4y1P74e,活动作品【苏星河】玩遍所有教育软件，发现一个可怕问题…,7:28,,,,https://www.bilibili.com/video/BV1fi4y1P74e
22,BV1EK4y1m7sf,活动作品大街上解放天性！别人的指令必须完成，你能撑过几分钟？,8:33,,,,https://www.bilibili.com/video/BV1EK4y1m7sf
23,BV1BV411n74F,活动作品【业界毒瘤】逼氪、抄袭，不把玩家当人看？为什么我宁愿在steam花上千块，也不愿往腾讯里充1块钱,8:41,,,,https://www.bilibili.com/video/BV1BV411n74F
24,BV1Wp4y187MY,活动作品很多人都说老爸和老弟是塑料父子情，我一直反对，今天终于可以证明了。,2:11,,,,https://www.bilibili.com/video/BV1Wp4y187MY
25,BV1Ry4y1t7xR,活动作品劝 学,1:47,,,,https://www.bilibili.com/video/BV1Ry4y1t7xR
26,BV1qp4y187qm,活动作品18 款真无线耳机横评，哪个值得买？2021 TWS 耳机选购指南,45:43:00,,,,https://www.bilibili.com/video/BV1qp4y187qm
27,BV1LK411w7wv,活动作品当国人在游戏里尝试战术穿插【解说全覆盖26期】,13:35,,,,https://www.bilibili.com/video/BV1LK411w7wv
28,BV17y4y1x7MR,共和国有一种职业，称为“四无人员”！英烈,1:23,,,,https://www.bilibili.com/video/BV17y4y1x7MR
29,BV1DK4y1N7vn,活动作品喂了跟香肠就当街抱我大腿不放，流浪狗的死缠烂打成功攻略了我,5:52,,,,https://www.bilibili.com/video/BV1DK4y1N7vn
30,BV1R54y1t7bf,活动作品千万不要把沙发改装成马桶,3:54,,,,https://www.bilibili.com/video/BV1R54y1t7bf
31,BV1rK4y1N7Dy,活动作品打 上 水 花,1:42,,,,https://www.bilibili.com/video/BV1rK4y1N7Dy
32,BV1qp4y18793,【花泽香菜】听说你们想让我用中文配音《妹妹》黑猫，那…好的！,2:28,,,,https://www.bilibili.com/video/BV1qp4y18793
33,BV1eA41157t1,活动作品高开低走还是高开疯走？尊重原著还是狗血魔改？（解说《山河令》第三期）,21:38,,,,https://www.bilibili.com/video/BV1eA41157t1
34,BV1ih411D7jN,活动作品一个人，成为人类活着的动画之神！,19:41,,,,https://www.bilibili.com/video/BV1ih411D7jN
35,BV1xK411w7sd,【STN快报第五季34】谁家战队有这么强的卡尔，还愁赢不了TI？,16:38,,,,https://www.bilibili.com/video/BV1xK411w7sd
36,BV1iK411w7bC,活动作品M C 惊 变 很 多 天 ！！！,20:35,,,,https://www.bilibili.com/video/BV1iK411w7bC
37,BV1bK411w7s6,活动作品笔战一哥,7:50,,,,https://www.bilibili.com/video/BV1bK411w7s6
38,BV1xy4y1b7RC,世界上最优雅的纸飞机，Zephyr曲翼纸飞机,3:18,,,,https://www.bilibili.com/video/BV1xy4y1b7RC
39,BV14B4y1w7or,活动作品? 摸 兔 子 鸭 ?,1:12,,,,https://www.bilibili.com/video/BV14B4y1w7or
40,BV15b4y1X7KS,活动作品“大家好，我要去新疆种棉花了！”,2:07,,,,https://www.bilibili.com/video/BV15b4y1X7KS
41,BV1ZK411c7TZ,前方超震撼，来自奥特曼的无缝衔接视听盛宴!,4:13,,,,https://www.bilibili.com/video/BV1ZK411c7TZ
42,BV1fp4y1b7Dc,“笑死，你管这叫正面人物？”,2:40,,,,https://www.bilibili.com/video/BV1fp4y1b7Dc
43,BV1Wy4y1b7cW,活动作品我终于脱粉了！我自由了！,5:21,,,,https://www.bilibili.com/video/BV1Wy4y1b7cW
44,BV1K54y1b7uA,活动作品悄悄给大家看下我老婆… | 原创动画 | 我的爸爸是条龙哦,1:16,,,,https://www.bilibili.com/video/BV1K54y1b7uA
45,BV1rB4y1P7Ys,活动作品5个上镜技巧！整容级自拍绝学！告别原相机脸歪嘴斜 做氛围感美女！,6:23,,,,https://www.bilibili.com/video/BV1rB4y1P7Ys
46,BV1354y1b7BB,奇蛋物语大户爱同款！日系漫画感卷发教程,3:16,,,,https://www.bilibili.com/video/BV1354y1b7BB
47,BV1oK4y127N9,活动作品《 让 葫 芦 飞 ！》,8:20,,,,https://www.bilibili.com/video/BV1oK4y127N9
48,BV1Xy4y1b7Af,2021年4月4日，分享一首歌。,2:26,,,,https://www.bilibili.com/video/BV1Xy4y1b7Af
49,BV1JZ4y1c7aM,王冰冰参加运动会,1:47,,,,https://www.bilibili.com/video/BV1JZ4y1c7aM
50,BV1YA411N7ad,愣着干嘛，戴上你的耳机，忍者的时代才刚刚开始！！！,3:01,,,,https://www.bilibili.com/video/BV1YA411N7ad
51,BV1Wb4y1X7Ey,活动作品【技能解析】最全的卡蜜尔技能分析 一定有你没见过的技巧,9:33,,,,https://www.bilibili.com/video/BV1Wb4y1X7Ey
52,BV1xX4y1g7pp,活动作品加菲跌落41楼空调外机：救命呀，120m太高了！,4:20,,,,https://www.bilibili.com/video/BV1xX4y1g7pp
53,BV1Ni4y1N7yP,《原神》EP - 异乡流泊的武人,4:03,,,,https://www.bilibili.com/video/BV1Ni4y1N7yP
54,BV1jU4y1h73D,活动作品（家 家 有 本 难 念 的 经）,0:42,,,,https://www.bilibili.com/video/BV1jU4y1h73D
55,BV1qy4y1b7v8,【特效向】得编个理由让拜登摔跤,3:24,,,,https://www.bilibili.com/video/BV1qy4y1b7v8
56,BV1oK4y1N7V2,活动作品《青莲兰陵》我的兰陵王大招永远不止一段！！！,1:44,,,,https://www.bilibili.com/video/BV1oK4y1N7V2
57,BV1Vy4y1x7TH,奥特扫楼！奥特曼B站扫楼vlog,3:30,,,,https://www.bilibili.com/video/BV1Vy4y1x7TH
58,BV1gU4y1h7Tj,活动作品下次一定！,1:25,,,,https://www.bilibili.com/video/BV1gU4y1h7Tj
59,BV19y4y1b7Kd,【赤羽原创】易安难安【忘川风华录】,3:56,,,,https://www.bilibili.com/video/BV19y4y1b7Kd
60,BV1DU4y1878a,活动作品【清明节】许嵩《清明雨上》中国风神曲！清明节必听！,3:38,,,,https://www.bilibili.com/video/BV1DU4y1878a
61,BV1cv41177s5,活动作品花一万只为请千万粉丝博主听我rap？【凭啥这么贵e17-唐阁】,17:51,,,,https://www.bilibili.com/video/BV1cv41177s5
62,BV1NK4y1m7Xb,【warma/怒九】姐妹俩打打闹闹的日常【电台】,30:25:00,,,,https://www.bilibili.com/video/BV1NK4y1m7Xb
63,BV1Rf4y1x7Za,活动作品“得加钱~~”,2:22,,,,https://www.bilibili.com/video/BV1Rf4y1x7Za
64,BV1ni4y1N7GN,海星生物入侵被我们吃绝迹了？因为它吃上去就是蟹黄的味道!,4:33,,,,https://www.bilibili.com/video/BV1ni4y1N7GN
65,BV1Xh411D7iw,【RAY】激情再起，这个春天的最强火力！【天王七高达模型大改造】,15:13,,,,https://www.bilibili.com/video/BV1Xh411D7iw
66,BV1sV411n7dy,活动作品世界史上第一头会飞的牛【梦工厂】,9:11,,,,https://www.bilibili.com/video/BV1sV411n7dy
67,BV1tX4y1g7oG,活动作品【忘川韩信】你的细节真的到位吗,1:31,,,,https://www.bilibili.com/video/BV1tX4y1g7oG
68,BV1vK4y1N7rK,华农兄弟：挖点竹笋晒笋干，经过漫长的制作，吃起来又香又脆,12:21,,,,https://www.bilibili.com/video/BV1vK4y1N7rK
69,BV1Pi4y1N7xD,活动作品拥有DIO声线的QQ糖,0:21,,,,https://www.bilibili.com/video/BV1Pi4y1N7xD
70,BV1AK4y1m7CC,【翻唱】幽霊東京 / covered by 神楽七奈,3:24,,,,https://www.bilibili.com/video/BV1AK4y1m7CC
71,BV1By4y1t7Tf,MC 1.18 机 密 内 容 泄 露,4:49,,,,https://www.bilibili.com/video/BV1By4y1t7Tf
72,BV1tB4y1w7MT,活动作品高中最痛苦的事：人醒了，意志力还在睡！,3:22,,,,https://www.bilibili.com/video/BV1tB4y1w7MT
73,BV1Ei4y1N7WU,活动作品80年代封面欺诈游戏竟是拳皇老祖,9:21,,,,https://www.bilibili.com/video/BV1Ei4y1N7WU
74,BV1F5411A7ZB,活动作品【虫哥】一段旷世神渣的故事~新聊斋志异之《画皮》，人心比鬼怪能难测...,11:57,,,,https://www.bilibili.com/video/BV1F5411A7ZB
75,BV1jy4y1b7ZU,小姐姐：我都看傻了,13:23,,,,https://www.bilibili.com/video/BV1jy4y1b7ZU
76,BV1VA411K7wD,活动作品0距离体验！比龙卷风还恐怖百倍的火焰旋风！,3:38,,,,https://www.bilibili.com/video/BV1VA411K7wD
77,BV1uv411h7eJ,活动作品【罗翔】千刀万剐，凌迟处死，古代泯灭人性的酷刑,14:39,,,,https://www.bilibili.com/video/BV1uv411h7eJ
78,BV1Pv411h7QZ,原来外交部也有“气氛组”——蓝厅欢乐集锦,2:50,,,,https://www.bilibili.com/video/BV1Pv411h7QZ
79,BV1Ey4y1x7Lb,义 郑 词 严,2:17,,,,https://www.bilibili.com/video/BV1Ey4y1x7Lb
80,BV1A64y1S7Ug,成 功 能 量 水,3:55,,,,https://www.bilibili.com/video/BV1A64y1S7Ug
81,BV1wf4y147Tw,你记得我，我就活着,2:15,,,,https://www.bilibili.com/video/BV1wf4y147Tw
82,BV1wK4y1m7NJ,活动作品细节拉满！玩家自制泰拉瑞亚3D版！！！,3:00,,,,https://www.bilibili.com/video/BV1wK4y1m7NJ
83,BV1j5411A7hf,人间悲剧！没收儿子枪支遭拒 美国父子俩家门口持枪对射你追我赶,0:58,,,,https://www.bilibili.com/video/BV1j5411A7hf
84,BV1Z64y1U7V7,【Lolita】lo娘的华丽与性感！！（一见倾心系列）,6:15,,,,https://www.bilibili.com/video/BV1Z64y1U7V7
85,BV18h411D7f3,活动作品【鬼谷闲谈】新仙女木事件：那一天，大地突然冰封……,8:08,,,,https://www.bilibili.com/video/BV18h411D7f3
86,BV1D64y1U7f8,少 女 幻 葬,1:24,,,,https://www.bilibili.com/video/BV1D64y1U7f8
87,BV1u54y1b7T4,活动作品4000块一颗的米其林 苹果 复刻出来会是什么味道,5:37,,,,https://www.bilibili.com/video/BV1u54y1b7T4
88,BV1jy4y1b7J4,活动作品差点没过审！一刀下去实在太无语了……,6:55,,,,https://www.bilibili.com/video/BV1jy4y1b7J4
89,BV1c64y1S7VM,活动作品【半佛】雷军的光荣与最后一战,15:03,,,,https://www.bilibili.com/video/BV1c64y1S7VM
90,BV1yf4y1x7XM,活动作品非洲火车司机月薪700块，为了多赚钱 火车招手就停 他已被欠薪七年,19:54,,,,https://www.bilibili.com/video/BV1yf4y1x7XM
91,BV1Ly4y1x74s,活动作品【派蒙小红娘】穷 开 心,2:02,,,,https://www.bilibili.com/video/BV1Ly4y1x74s
92,BV1m64y1U7T1,以后小学生的单子我也不接了,0:27,,,,https://www.bilibili.com/video/BV1m64y1U7T1
93,BV1CK4y1N7PX,活动作品【阅读神器】12个苹果图书隐藏绝技，你未必全知道！！！,6:35,,,,https://www.bilibili.com/video/BV1CK4y1N7PX
94,BV1CK411w7wi,一篇规避了你所有预判的小说,13:11,,,,https://www.bilibili.com/video/BV1CK411w7wi
95,BV1EK4y1m7Xt,50秒生个小孩,0:54,,,,https://www.bilibili.com/video/BV1EK4y1m7Xt
96,BV1vB4y1P7pY,活动作品这是谁家的姑娘？舞一曲花月成双～,2:14,,,,https://www.bilibili.com/video/BV1vB4y1P7pY
97,BV1rf4y1W7iK,活动作品回望我的青春期，感觉自己……,1:14,,,,https://www.bilibili.com/video/BV1rf4y1W7iK
